This dataset represents a graph with nodes and weighted edges. Each row describes an edge between two nodes (`START_NODE` and `END_NODE`) and the length or weight (`LENGTH`) of the edge between them. The edges may represent various things depending on the context, such as distances, travel times, or costs. Here's a description of the dataset structure:

1. START_NODE: The node where an edge begins.
2. END_NODE: The node where the edge ends.
3. LENGTH: The weight or cost of the edge between the `START_NODE` and `END_NODE`. This could represent distances (e.g., in meters or kilometers), travel time (e.g., in minutes or seconds), or any other metric relevant to the dataset.

### Observations:
- The graph is **undirected**, meaning the connections between nodes are bidirectional. For example, the edge between node 1 and node 2 has a length of 11 in both directions.
- Some nodes have higher-weighted edges. For instance, node 5 is connected to node 6 with a very high weight of 3935, and to node 8 with a weight of 1747.
- The dataset contains smaller weights, such as 13 between nodes 29 and 30, which might indicate a much shorter distance or time.
- Some nodes, like node 16, have multiple connections with various weights, indicating complex relationships with neighboring nodes.

This structure is typical for graph-based algorithms or network analysis, such as shortest path algorithms, flow analysis, or transportation/network planning.

START_NODE,END_NODE,LENGTH
1,2,11
2,1,11
3,4,130
4,3,130
5,6,3935
5,8,1747
5,10,422
5,11,3708
6,5,3935
8,5,1747
10,5,422
11,5,3708
11,14,1654
11,31,15942
14,11,1654
15,16,118
16,15,118
16,17,105
16,20,329
17,16,105
20,16,329
20,21,100
20,24,277
21,20,100
23,24,276
24,23,276
24,20,277
24,28,701
28,24,701
29,30,13
30,29,13
31,11,15942
31,33,9888
31,36,994
33,31,9888
36,31,994
36,38,174
36,40,76
36,41,658
38,36,174
40,36,76
41,36,658
43,44,7382
43,45,33
43,52,1451
44,43,7382
45,43,33
45,48,496
48,45,496
48,50,202
50,48,202
52,43,1451
53,54,126
54,53,126
55,56,1476
56,55,1476
57,58,374
58,57,374
58,59,1136
58,64,628
59,58,1136
59,61,13041
59,65,1240
59,715,13711
61,59,13041
65,59,1240
67,68,647
68,67,647
69,70,38
69,71,220
69,79,276
70,69,38
71,72,12
71,69,220
71,78,255
72,71,12
75,76,1203
76,75,1203
78,71,255
79,69,276
79,82,174
79,83,324
82,79,174
83,79,324
83,88,295
83,107,394
85,86,194
86,85,194
88,83,295
89,90,1155
90,89,1155
91,92,2187
92,91,2187
93,94,221
94,93,221
94,96,52
94,100,74
96,94,52
97,98,87
97,103,157
97,137,1464
98,97,87
100,94,74
101,102,610
102,101,610
103,104,196
103,97,157
103,119,211
104,103,196
107,83,394
107,118,492
107,143,896
109,110,4489
110,109,4489
111,112,940
112,111,940
113,114,69
113,114,106
113,125,208
114,113,69
114,113,106
118,107,492
119,103,211
121,122,3632
122,121,3632
122,124,30
122,128,963
122,131,355
124,122,30
125,113,208
128,122,963
129,130,174
130,129,174
131,122,355
133,134,24497
133,179707,165
134,133,24497
134,137,1494
134,303,2234
135,136,177
136,135,177
137,97,1464
137,134,1494
137,141,486
141,45,15764
141,137,486
141,363,1896
143,107,896
143,148,191
143,171,198
145,146,171
146,145,171
147,148,83
148,147,83
148,143,191
148,155,369
148,174,175
153,154,47
154,153,47
155,156,38
155,148,369
155,163,109
155,165,181
156,155,38
159,160,601
160,159,601
160,180,371
160,184,406
161,162,371
162,161,371
163,155,109
163,165,70
163,191,68
165,155,181
165,163,70
165,170,30
170,165,30
171,143,198
171,174,203
171,283,1051
174,148,175
174,171,203
174,178,88
178,174,88
178,182,151
178,209,177
180,160,371
182,178,151
182,191,120
182,211,97
184,160,406
184,199,164
184,352,1506
185,186,161
185,195,17
185,203,13
186,185,161
187,188,633
187,189,880
187,224,281
188,187,633
189,187,880
191,163,68
191,182,120
191,207,60
191,216,182
195,185,17
195,198,234
195,203,16
198,195,234
199,200,193
199,184,164
199,242,482
200,199,193
203,195,16
203,185,13
203,297,1406
207,191,60
207,216,152
207,219,38
209,178,177
209,211,72
209,228,125
211,182,97
211,209,72
211,219,120
211,228,50
216,191,182
216,207,152
216,235,185
219,207,38
219,211,120
219,225,33
224,187,281
225,219,33
225,228,119
225,235,45
228,225,119
228,211,50
228,209,125
228,233,24
233,228,24
235,225,45
235,216,185
235,240,80
240,235,80
242,199,482
242,243,597
242,248,135
243,244,3252
243,242,597
243,259,561
244,243,3252
248,242,135
249,250,80
250,249,80
251,252,206
252,251,206
253,254,82
254,253,82
255,256,112
256,255,112
257,258,2324
258,257,2324
259,243,561
259,266,382
259,269,121
261,262,247
262,261,247
263,264,175
264,263,175
266,259,382
266,267,280
266,302,586
267,266,280
267,269,4
267,448,761
269,259,121
269,267,4
269,289,580
273,274,102
274,273,102
275,276,535
275,279,509
275,294,552
276,275,535
277,278,224
277,279,33
277,287,241
278,277,224
279,280,279
279,277,33
279,275,509
280,279,279
283,171,1051
283,287,876
283,425,459
287,277,241
287,283,876
287,328,210
289,290,133
289,269,580
289,331,213
290,289,133
294,275,552
294,296,118
294,702,1385
296,294,118
297,203,1406
297,299,165
297,334,755
299,297,165
299,303,374
299,372,287
302,266,586
302,310,32
302,312,91
303,299,374
303,134,2234
303,320,1066
303,788,2191
310,302,32
310,369,678
310,674,1198
312,302,91
313,314,524
314,313,524
315,316,143
315,320,135
315,437,1927
316,315,143
317,318,583
317,323,118
317,325,32
318,317,583
320,315,135
320,303,1066
320,444,357
323,317,118
325,317,32
325,330,88
325,361,170
328,287,210
330,325,88
331,289,213
331,421,407
331,448,626
333,334,224
334,333,224
334,297,755
334,338,9
338,334,9
338,342,62
338,398,166
339,340,62
340,339,62
342,338,62
342,354,225
342,360,90
343,344,68
343,347,202
343,365,90
344,343,68
345,346,35
346,345,35
347,343,202
349,350,618
350,349,618
352,184,1506
352,369,289
352,678,12475
353,354,99
354,353,99
354,342,225
354,374,246
357,358,42
358,357,42
360,342,90
361,325,170
361,365,111
361,385,39
363,141,1896
363,467,265
363,541,526
365,343,90
365,361,111
365,391,43
369,352,289
369,310,678
369,662,868
372,299,287
374,354,246
374,414,324
374,435,200
375,376,74
376,375,74
376,379,68
376,408,49
379,376,68
381,382,63
382,381,63
383,384,58
384,383,58
385,361,39
387,388,88
388,387,88
389,390,21
390,389,21
391,365,43
391,394,34
391,405,81
394,391,34
395,396,67
396,395,67
398,338,166
398,401,40
398,412,60
399,400,273
400,399,273
400,410,40
400,414,37
401,402,37
401,398,40
401,418,93
402,401,37
405,391,81
408,376,49
410,400,40
412,398,60
414,400,37
414,374,324
414,432,54
418,401,93
419,420,161
420,419,161
421,422,1332
421,331,407
421,441,128
422,421,1332
425,283,459
425,428,332
425,569,420
428,425,332
429,430,76
430,429,76
432,414,54
432,454,486
432,519,387
433,434,76
434,433,76
435,374,200
437,315,1927
437,439,162
437,788,2425
439,437,162
441,421,128
441,461,197
441,516,242
444,320,357
445,446,132
446,445,132
448,331,626
448,267,761
448,512,190
451,452,274
452,451,274
454,432,486
454,460,184
454,478,74
455,456,182
456,455,182
457,458,271
458,457,271
460,454,184
460,490,63
460,497,626
461,462,374
461,441,197
461,561,591
462,461,374
465,466,64
466,465,64
467,363,265
467,470,97
467,507,176
470,467,97
471,472,61
472,471,61
473,474,756
474,473,756
474,479,20
474,491,229
475,476,512
476,475,512
478,454,74
479,480,407
479,474,20
479,590,259
480,479,407
483,484,18
483,487,655
483,563,227
484,483,18
485,486,38
486,485,38
487,483,655
490,460,63
491,474,229
491,493,3359
491,496,8
491,503,163
493,491,3359
496,491,8
496,678,561
497,498,89
497,460,626
497,507,134
498,497,89
501,502,95
502,501,95
503,491,163
503,505,183
503,522,58
503,525,303
505,503,183
507,467,176
507,497,134
507,514,99
512,448,190
512,530,283
512,548,111
514,507,99
514,552,87
516,441,242
516,518,167
516,638,840
518,516,167
519,432,387
522,503,58
523,524,106
524,523,106
525,503,303
525,528,53
525,541,143
525,591,154
528,525,53
530,512,283
530,538,232
530,548,328
531,532,109
532,531,109
533,534,197
534,533,197
535,536,64
536,535,64
536,539,158
536,566,260
538,530,232
539,536,158
541,525,143
541,363,526
541,583,99
545,546,23
546,545,23
546,550,37
546,593,149
548,512,111
548,530,328
548,636,287
550,546,37
550,558,53
550,597,102
552,514,87
552,554,114
552,630,202
554,552,114
558,550,53
559,560,283
560,559,283
561,461,591
561,567,355
561,638,216
563,483,227
566,536,260
567,561,355
567,573,230
567,648,357
569,425,420
569,572,113
569,573,7
572,569,113
572,579,55
572,615,114
573,569,7
573,567,230
573,619,114
577,578,85
578,577,85
578,583,305
578,610,98
579,580,361
579,572,55
579,585,61
580,579,361
583,541,99
583,578,305
583,607,117
585,586,292
585,579,61
585,599,203
586,585,292
590,479,259
591,525,154
593,546,149
597,550,102
599,600,245
599,585,203
599,634,210
600,599,245
603,604,390
604,603,390
605,606,131
605,607,151
605,614,76
606,605,131
607,583,117
607,605,151
607,708,424
610,578,98
613,614,37
614,613,37
614,605,76
614,628,54
615,616,126
615,572,114
615,619,99
616,615,126
619,615,99
619,573,114
619,653,114
625,626,414
626,625,414
626,630,437
626,646,269
628,614,54
630,552,202
630,626,437
630,750,632
634,599,210
634,700,286
634,706,549
636,548,287
636,664,239
636,670,143
638,561,216
638,516,840
638,643,61
638,650,31
641,642,79
642,641,79
643,638,61
643,648,177
643,675,264
646,626,269
648,643,177
648,567,357
650,638,31
650,672,73
650,698,374
653,619,114
653,656,84
653,685,135
656,653,84
657,658,309
658,657,309
659,660,4067
660,659,4067
662,369,868
662,668,303
662,692,469
664,636,239
664,666,178
664,732,432
666,664,178
668,662,303
670,636,143
672,650,73
674,310,1198
674,679,302
674,692,106
675,643,264
675,685,444
675,740,421
678,496,561
678,682,53
678,352,12475
678,865,1498
679,680,603
679,674,302
679,718,283
680,679,603
682,678,53
682,683,312
682,704,348
682,828,1158
683,682,312
685,653,135
685,689,13
685,675,444
689,685,13
689,719,221
689,700,950
692,674,106
692,662,469
692,752,382
698,650,374
700,634,286
700,689,950
700,744,280
702,294,1385
702,714,432
702,736,742
704,682,348
704,708,40
706,634,549
706,723,191
706,730,175
708,704,40
708,607,424
708,712,20
712,708,20
712,761,834
712,881,1426
714,702,432
715,59,13711
718,679,283
719,689,221
719,742,214
719,771,251
723,724,250
723,706,191
723,734,93
724,723,250
730,706,175
732,664,432
732,746,103
732,748,214
734,723,93
734,736,4
736,702,742
736,734,4
736,803,610
740,675,421
742,719,214
742,756,118
744,700,280
746,732,103
746,754,25
748,732,214
748,764,107
750,630,632
750,758,125
750,774,589
752,692,382
752,769,119
754,746,25
754,766,318
754,785,1257
756,742,118
758,750,125
758,761,58
759,760,2184
760,759,2184
761,712,834
761,758,58
764,748,107
764,766,45
764,826,2038
766,764,45
766,754,318
766,810,736
769,752,119
769,782,453
769,785,321
771,719,251
771,780,190
771,783,243
774,750,589
774,776,100
774,824,503
776,774,100
777,778,436
778,777,436
780,771,190
782,769,453
783,771,243
783,799,142
783,814,624
785,769,321
785,793,62
785,754,1257
788,303,2191
788,437,2425
788,832,717
788,980,2889
791,792,1084
792,791,1084
793,785,62
793,796,134
793,891,863
796,793,134
799,783,142
799,801,264
799,805,43
801,799,264
803,736,610
803,812,202
803,839,504
805,799,43
805,807,177
805,817,63
807,805,177
807,814,128
807,820,130
810,766,736
812,803,202
814,783,624
814,807,128
814,820,29
817,805,63
817,830,476
817,837,297
820,814,29
820,807,130
820,860,581
824,774,503
826,764,2038
828,682,1158
828,869,331
830,817,476
832,788,717
833,834,148
833,836,87
833,841,42
834,833,148
836,833,87
837,817,297
837,841,181
837,851,67
839,803,504
839,845,86
839,880,196
841,833,42
841,837,181
841,850,76
845,846,179
845,839,86
845,861,146
846,845,179
850,841,76
851,837,67
851,854,181
851,855,6
854,851,181
855,851,6
855,860,705
855,895,262
857,858,47
858,857,47
860,820,581
860,855,705
860,894,202
861,862,247
861,845,146
861,889,353
862,861,247
865,866,40
865,678,1498
865,869,47
865,916,779
866,865,40
869,865,47
869,828,331
869,874,14
869,875,112
874,869,14
874,912,750
875,869,112
875,878,296
875,881,125
878,875,296
880,839,196
881,875,125
881,712,1426
881,887,82
881,944,1009
887,881,82
889,861,353
891,793,863
891,898,129
891,961,3368
894,860,202
895,855,262
895,922,708
898,891,129
899,900,314
899,902,114
899,903,121
900,899,314
902,899,114
903,899,121
903,908,55
903,927,827
905,906,116
905,908,102
905,922,497
906,905,116
908,903,55
908,905,102
908,926,220
912,874,750
912,913,157
912,916,56
912,939,257
913,912,157
916,865,779
916,912,56
916,920,27
916,931,246
920,916,27
922,895,708
922,905,497
922,956,373
926,908,220
926,954,614
926,972,880
927,928,96
927,903,827
927,949,774
928,927,96
931,932,526
931,916,246
931,937,9
932,931,526
935,936,455
936,935,455
936,948,104
936,949,363
937,931,9
937,940,38
939,940,11
939,912,257
939,944,102
940,939,11
940,937,38
944,881,1009
944,939,102
944,1052,2298
948,936,104
949,927,774
949,936,363
949,960,165
954,926,614
956,922,373
956,958,478
956,964,339
958,956,478
960,949,165
961,891,3368
961,968,711
961,988,563
964,956,339
964,966,407
964,968,171
966,964,407
968,964,171
968,961,711
968,974,90
972,926,880
974,968,90
974,976,31
974,978,448
976,974,31
976,981,410
976,986,190
978,974,448
980,788,2889
980,998,3121
980,1200,2979
981,982,92
981,976,410
981,994,469
982,981,92
986,976,190
986,990,302
986,992,175
988,961,563
990,986,302
992,986,175
992,1002,261
992,1008,848
994,981,469
995,996,2235
996,995,2235
997,998,2340
998,997,2340
998,980,3121
998,1052,4904
998,1102,1357
1002,992,261
1002,1004,77
1002,1016,421
1004,1002,77
1004,1006,521
1004,1010,829
1006,1004,521
1008,992,848
1010,1004,829
1010,1012,155
1010,1013,2023
1012,1010,155
1013,1014,306
1013,1010,2023
1013,1103,1071
1014,1013,306
1016,1002,421
1016,1019,400
1016,1028,121
1019,1020,384
1019,1016,400
1019,1024,74
1020,1019,384
1024,1019,74
1024,1026,52
1024,1062,436
1026,1024,52
1026,1037,428
1026,1050,358
1028,1016,121
1028,1030,18
1028,1032,12
1030,1028,18
1032,1028,12
1032,1034,695
1032,1064,384
1034,1032,695
1035,1036,1205
1035,1037,24
1035,1046,193
1036,1035,1205
1037,1035,24
1037,1026,428
1037,1134,904
1041,1042,303
1041,1044,1059
1041,1056,315
1042,1041,303
1044,1041,1059
1046,1035,193
1046,1048,55
1046,1159,1322
1048,1046,55
1050,1026,358
1052,944,2298
1052,998,4904
1052,1182,1291
1055,1056,558
1056,1055,558
1056,1041,315
1056,1078,494
1059,1060,124
1060,1059,124
1062,1024,436
1064,1032,384
1064,1066,560
1064,1074,147
1066,1064,560
1067,1068,95
1068,1067,95
1068,1069,240
1068,1086,235
1069,1070,238
1069,1068,240
1069,1086,433
1070,1069,238
1074,1064,147
1074,1075,158
1074,1080,88
1075,1074,158
1075,1081,85
1075,1081,290
1078,1056,494
1078,1094,160
1078,1112,228
1080,1074,88
1080,1081,164
1080,1108,155
1081,1075,85
1081,1080,164
1081,1075,290
1086,1069,433
1086,1068,235
1086,1090,5
1090,1086,5
1090,1097,256
1090,1193,763
1094,1078,160
1095,1096,335
1095,1108,537
1095,1118,147
1096,1095,335
1096,1132,1001
1096,1146,675
1097,1098,82
1097,1090,256
1097,1103,150
1098,1097,82
1102,998,1357
1103,1013,1071
1103,1097,150
1103,1120,174
1108,1080,155
1108,1095,537
1108,1152,286
1112,1078,228
1112,1114,18
1112,1185,1203
1114,1112,18
1114,1116,1337
1114,1136,191
1116,1114,1337
1118,1095,147
1118,1140,127
1118,1142,177
1120,1103,174
1120,1121,57
1120,1127,66
1121,1122,367
1121,1120,57
1121,1126,149
1121,1127,40
1122,1121,367
1126,1121,149
1127,1121,40
1127,1120,66
1127,1188,515
1132,1096,1001
1134,1037,904
1136,1114,191
1136,1138,810
1136,1216,1148
1138,1136,810
1140,1118,127
1140,1142,81
1140,1146,58
1142,1118,177
1142,1140,81
1142,1150,88
1146,1140,58
1146,1096,675
1146,1156,78
1150,1142,88
1150,1164,286
1150,1168,153
1152,1108,286
1152,1154,36
1152,1164,36
1154,1152,36
1154,1158,246
1154,1174,258
1156,1146,78
1156,1168,143
1156,1168,324
1158,1154,246
1159,1160,94
1159,1046,1322
1159,1170,192
1160,1159,94
1164,1152,36
1164,1150,286
1164,1176,39
1168,1156,143
1168,1150,153
1168,1156,324
1170,1159,192
1174,1154,258
1176,1164,39
1176,1180,380
1176,1184,195
1180,1176,380
1182,1052,1291
1182,1247,1067
1182,1477,2528
1184,1176,195
1184,1190,304
1184,1202,270
1185,1112,1203
1188,1127,515
1188,1192,466
1188,1206,269
1190,1184,304
1192,1188,466
1192,1193,466
1192,1210,249
1193,1090,763
1193,1192,466
1193,1198,107
1198,1193,107
1200,980,2979
1200,1282,3914
1200,1472,7164
1202,1184,270
1202,1204,383
1202,1230,412
1204,1202,383
1206,1188,269
1206,1208,235
1206,1222,156
1208,1206,235
1208,1210,264
1208,1214,108
1210,1208,264
1210,1192,249
1214,1208,108
1214,1220,179
1214,1222,304
1216,1136,1148
1216,1218,174
1216,1228,279
1218,1216,174
1220,1214,179
1222,1206,156
1222,1214,304
1222,1242,382
1225,1226,226
1226,1225,226
1228,1216,279
1228,1234,451
1228,1236,162
1230,1202,412
1230,1232,235
1230,1258,318
1232,1230,235
1234,1228,451
1234,1246,183
1234,1252,358
1236,1228,162
1236,1238,344
1236,1290,503
1238,1236,344
1239,1240,149
1240,1239,149
1240,1242,1216
1240,1283,406
1242,1222,382
1242,1240,1216
1242,1268,268
1246,1234,183
1247,1248,469
1247,1182,1067
1247,1254,60
1248,1247,469
1252,1234,358
1254,1247,60
1254,1326,462
1254,1437,1058
1255,1256,192
1255,1266,268
1255,1285,173
1256,1255,192
1258,1230,318
1258,1273,307
1258,1276,155
1259,1260,714
1260,1259,714
1260,1262,5
1262,1260,5
1262,1506,1086
1263,1264,261
1263,1276,197
1263,1293,364
1264,1263,261
1266,1255,268
1266,1270,111
1266,1298,144
1268,1242,268
1268,1272,203
1268,1314,246
1270,1266,111
1270,1272,72
1270,1301,121
1272,1270,72
1272,1268,203
1272,1301,196
1273,1258,307
1273,1290,1515
1273,1352,1101
1276,1258,155
1276,1263,197
1276,1320,172
1282,1200,3914
1282,1484,2791
1283,1240,406
1285,1255,173
1285,1288,176
1285,1377,411
1288,1285,176
1288,1298,91
1288,1322,194
1290,1236,503
1290,1273,1515
1290,1342,263
1293,1263,364
1293,1296,237
1293,1333,176
1296,1293,237
1298,1266,144
1298,1288,91
1298,1305,112
1301,1270,121
1301,1272,196
1301,1305,9
1305,1301,9
1305,1298,112
1305,1312,36
1309,1310,3302
1309,1346,243
1309,1361,332
1310,1309,3302
1312,1305,36
1312,1316,134
1312,1324,106
1314,1268,246
1314,1318,41
1314,1340,145
1316,1312,134
1318,1314,41
1318,1328,261
1318,1412,453
1320,1276,172
1320,1329,120
1320,1356,199
1322,1288,194
1324,1312,106
1326,1254,462
1328,1318,261
1328,1333,115
1328,1368,218
1329,1330,131
1329,1320,120
1329,1350,141
1330,1329,131
1333,1293,176
1333,1328,115
1333,1356,243
1337,1338,131
1338,1337,131
1338,1360,143
1338,1370,408
1340,1314,145
1342,1290,263
1342,1352,74
1342,1380,618
1343,1344,306
1343,1346,35
1343,1372,139
1344,1343,306
1346,1309,243
1346,1343,35
1346,1364,169
1350,1329,141
1352,1342,74
1352,1273,1101
1352,1404,303
1356,1320,199
1356,1333,243
1356,1376,96
1360,1338,143
1361,1309,332
1361,1364,64
1361,1413,343
1364,1361,64
1364,1346,169
1364,1372,186
1368,1328,218
1370,1338,408
1372,1343,139
1372,1364,186
1372,1381,68
1376,1356,96
1376,1394,68
1376,1399,485
1377,1285,411
1377,1389,54
1377,1389,385
1380,1342,618
1380,1388,74
1380,1396,439
1381,1382,307
1381,1372,68
1381,1385,21
1382,1381,307
1385,1381,21
1385,1432,537
1385,1449,270
1388,1380,74
1389,1377,54
1389,1377,385
1389,1415,106
1394,1376,68
1394,1410,137
1394,1486,416
1396,1380,439
1397,1398,55
1398,1397,55
1399,1376,485
1399,1401,191
1399,1408,45
1401,1399,191
1404,1352,303
1404,1419,35
1405,1406,235
1405,1501,1430
1406,1405,235
1408,1399,45
1408,1424,96
1410,1394,137
1410,1571,987
1412,1318,453
1412,1486,530
1413,1361,343
1415,1389,106
1415,1418,134
1415,1456,155
1418,1415,134
1418,1448,132
1419,1404,35
1419,1427,104
1419,1430,208
1421,1422,48
1421,1435,445
1421,1477,573
1422,1421,48
1424,1408,96
1424,1425,117
1424,1454,74
1425,1424,117
1427,1419,104
1427,1442,49
1427,1469,106
1430,1419,208
1432,1385,537
1432,1434,76
1432,1449,404
1434,1432,76
1435,1421,445
1437,1438,265
1437,1254,1058
1437,1663,822
1438,1437,265
1442,1427,49
1442,1460,122
1442,1520,414
1443,1444,24
1444,1443,24
1444,1446,142
1444,1466,63
1446,1444,142
1448,1418,132
1448,1456,136
1448,1474,240
1449,1385,270
1449,1432,404
1449,1461,35
1454,1424,74
1456,1415,155
1456,1448,136
1456,1482,106
1460,1442,122
1461,1449,35
1461,1475,380
1461,1581,475
1463,1464,31
1463,1468,33
1463,1495,166
1464,1463,31
1466,1444,63
1468,1463,33
1469,1427,106
1469,1490,210
1469,1523,323
1471,1472,1422
1472,1471,1422
1472,1200,7164
1472,1511,289
1474,1448,240
1475,1461,380
1475,1477,9
1477,1182,2528
1477,1475,9
1477,1421,573
1477,1613,556
1482,1456,106
1484,1282,2791
1484,1495,143
1484,1540,216
1486,1394,416
1486,1412,530
1486,1532,180
1490,1469,210
1490,1494,62
1490,1500,83
1494,1490,62
1495,1463,166
1495,1484,143
1495,1504,56
1495,1514,79
1500,1490,83
1501,1405,1430
1504,1495,56
1504,1518,67
1504,1528,304
1506,1262,1086
1506,1511,2014
1506,1875,1287
1507,1508,117
1508,1507,117
1511,1472,289
1511,1526,48
1511,1506,2014
1514,1495,79
1514,1516,47
1514,1518,64
1516,1514,47
1518,1504,67
1518,1514,64
1518,1562,170
1520,1442,414
1523,1469,323
1523,1553,189
1523,1563,490
1526,1511,48
1528,1504,304
1528,1536,84
1528,1555,144
1532,1486,180
1532,1534,269
1532,1576,178
1534,1532,269
1536,1528,84
1536,1538,97
1536,1580,167
1538,1536,97
1538,1544,188
1538,1544,420
1540,1484,216
1541,1542,67
1541,1545,350
1541,1593,181
1542,1541,67
1542,1603,180
1542,1622,264
1544,1538,188
1544,1548,103
1544,1538,420
1545,1541,350
1545,1563,260
1545,1585,93
1548,1544,103
1548,1559,137
1548,1597,457
1549,1550,62
1550,1549,62
1550,1552,28
1550,1555,53
1552,1550,28
1552,1608,113
1553,1523,189
1553,1571,41
1553,1630,248
1555,1528,144
1555,1550,53
1555,1625,137
1559,1548,137
1559,1590,378
1562,1518,170
1563,1545,260
1563,1523,490
1563,1570,75
1567,1568,88
1568,1567,88
1570,1563,75
1570,1585,94
1570,1618,365
1571,1553,41
1571,1410,987
1571,1633,167
1576,1532,178
1576,1578,216
1576,1620,92
1578,1576,216
1580,1536,167
1581,1461,475
1581,1584,363
1581,1597,47
1584,1581,363
1585,1545,93
1585,1570,94
1585,1593,77
1589,1590,94
1589,1609,65
1590,1589,94
1590,1559,378
1593,1541,181
1593,1585,77
1593,1603,68
1597,1581,47
1597,1548,457
1597,1609,113
1601,1602,138
1601,1660,144
1601,1839,660
1602,1601,138
1603,1542,180
1603,1593,68
1603,1618,49
1608,1552,113
1608,1640,54
1608,1674,159
1609,1589,65
1609,1597,113
1609,1613,19
1613,1477,556
1613,1609,19
1613,1678,1261
1618,1603,49
1618,1622,43
1618,1570,365
1620,1576,92
1620,1662,96
1620,1760,394
1622,1542,264
1622,1618,43
1622,1647,131
1625,1555,137
1625,1627,3
1627,1625,3
1630,1553,248
1630,1670,121
1630,1742,183
1633,1571,167
1633,1636,276
1633,1679,104
1636,1633,276
1637,1638,29
1637,1647,121
1637,1672,314
1638,1637,29
1640,1608,54
1641,1642,35
1642,1641,35
1643,1644,13
1643,1645,117
1643,1654,49
1643,1657,22
1644,1643,13
1645,1643,117
1647,1637,121
1647,1622,131
1647,1804,1016
1651,1652,9
1652,1651,9
1653,1654,138
1654,1653,138
1654,1643,49
1657,1643,22
1657,1674,135
1657,1726,102
1660,1601,144
1662,1620,96
1662,1690,51
1662,1760,235
1663,1664,188
1663,1437,822
1663,1683,26
1664,1663,188
1667,1668,13
1668,1667,13
1670,1630,121
1670,1744,165
1670,1894,960
1672,1637,314
1674,1608,159
1674,1657,135
1674,1722,85
1678,1613,1261
1678,1857,2726
1678,2069,1093
1679,1633,104
1679,1682,110
1679,1827,376
1682,1679,110
1683,1684,92
1683,1663,26
1683,1697,29
1684,1683,92
1687,1688,25
1687,1690,214
1687,1694,61
1687,1703,11
1688,1687,25
1690,1662,51
1690,1687,214
1690,1792,181
1694,1687,61
1694,1696,28
1694,1774,126
1696,1694,28
1696,1702,30
1696,1712,33
1697,1698,93
1697,1683,29
1697,1717,27
1698,1697,93
1702,1696,30
1702,1706,25
1702,1712,13
1703,1687,11
1706,1702,25
1706,1708,234
1706,1712,28
1708,1706,234
1708,1710,278
1708,1738,54
1710,1708,278
1710,179718,48
1712,1696,33
1712,1702,13
1712,1706,28
1717,1718,90
1717,1697,27
1717,1733,35
1718,1717,90
1722,1674,85
1722,1724,72
1722,1730,24
1724,1722,72
1726,1657,102
1726,1728,112
1726,1739,36
1728,1726,112
1730,1722,24
1730,1732,69
1730,1746,24
1732,1730,69
1733,1734,87
1733,1717,35
1733,1751,33
1734,1733,87
1738,1708,54
1738,1780,159
1738,1786,117
1739,1726,36
1739,1746,71
1739,1756,40
1742,1630,183
1744,1670,165
1746,1730,24
1746,1739,71
1746,1749,14
1746,1806,116
1749,1746,14
1751,1752,83
1751,1733,33
1751,1767,32
1752,1751,83
1756,1739,40
1756,1758,69
1756,1776,51
1758,1756,69
1760,1620,394
1760,1662,235
1760,1766,64
1763,1764,425
1764,1763,425
1766,1760,64
1767,1768,82
1767,1751,32
1767,1857,284
1768,1767,82
1771,1772,221
1772,1771,221
1774,1694,126
1774,1786,220
1774,1792,194
1776,1756,51
1776,1778,113
1776,1800,31
1778,1776,113
1780,1738,159
1780,1782,31
1780,1786,116
1782,1780,31
1782,1784,42
1782,1798,16
1784,1782,42
1784,1802,105
1784,1824,103
1786,1774,220
1786,1738,117
1786,1780,116
1792,1690,181
1792,1774,194
1792,1810,48
1795,1843,220
1798,1782,16
1800,1776,31
1800,1806,73
1800,1839,586
1802,1784,105
1804,1647,1016
1806,1746,116
1806,1800,73
1806,1811,861
1810,1792,48
1810,1824,550
1810,1848,170
1811,1806,861
1813,1814,888
1814,1813,888
1815,1816,151
1815,1818,11
1815,1829,176
1816,1815,151
1818,1815,11
1818,1820,76
1818,1866,185
1820,1818,76
1821,1822,563
1821,1833,93
1821,1887,277
1822,1821,563
1824,1810,550
1824,1784,103
1824,1838,989
1827,1679,376
1827,1850,150
1827,1851,112
1829,1830,324
1829,1815,176
1829,1851,156
1830,1829,324
1833,1821,93
1833,1836,2520
1833,1856,71
1833,1857,200
1836,1833,2520
1838,1824,989
1839,1840,264
1839,1601,660
1839,1800,586
1840,1839,264
1843,1844,217
1843,1795,220
1843,1872,145
1844,1843,217
1848,1810,170
1848,1868,64
1848,1872,836
1850,1827,150
1851,1827,112
1851,1829,156
1851,1863,5
1856,1833,71
1857,1833,200
1857,1767,284
1857,1678,2726
1857,1904,239
1863,1851,5
1863,1878,445
1863,1881,174
1866,1818,185
1868,1848,64
1868,1870,283
1868,1884,108
1870,1868,283
1872,1848,836
1872,1843,145
1872,1898,235
1875,1506,1287
1875,1890,75
1875,1925,577
1878,1863,445
1881,1863,174
1881,1895,596
1881,1979,407
1884,1868,108
1884,1886,315
1884,1892,45
1886,1884,315
1887,1821,277
1890,1875,75
1892,1884,45
1892,1906,39
1892,1909,73
1894,1670,960
1895,1881,596
1895,1922,1258
1895,1985,265
1898,1872,235
1898,1900,493
1898,1934,273
1900,1898,493
1901,1902,164
1902,1901,164
1904,1857,239
1904,1949,148
1904,2280,1458
1906,1892,39
1906,1948,291
1906,1994,294
1907,1908,451
1907,1909,147
1907,1915,115
1908,1907,451
1908,1915,133
1908,1924,279
1909,1892,73
1909,1907,147
1909,1941,113
1913,1919,28
1915,1907,115
1915,1908,133
1915,1924,35
1919,1913,28
1919,1929,27
1919,1982,312
1922,1895,1258
1922,1938,343
1922,2074,405
1924,1915,35
1924,1941,94
1924,1908,279
1925,1875,577
1925,1927,23
1925,2128,1749
1927,1925,23
1929,1919,27
1929,1932,374
1929,1953,68
1932,1929,374
1932,1953,345
1932,1964,550
1934,1898,273
1934,1936,262
1934,1970,177
1934,2063,314
1936,1934,262
1938,1922,343
1938,1940,205
1938,2116,495
1940,1938,205
1941,1909,113
1941,1924,94
1941,2021,255
1948,1906,291
1949,1950,111
1949,1904,148
1949,2345,1721
1950,1949,111
1953,1929,68
1953,1932,345
1953,1964,50
1957,1958,368
1957,1967,635
1957,2144,580
1958,1957,368
1959,1960,286
1960,1959,286
1961,1962,146
1961,1989,200
1961,2007,422
1962,1961,146
1964,1953,50
1964,1932,550
1964,1971,45
1967,1957,635
1970,1934,177
1971,1964,45
1971,1982,168
1971,1989,35
1973,1974,95
1973,1976,93
1973,2001,65
1974,1973,95
1976,1973,93
1977,1978,377
1978,1977,377
1979,1881,407
1979,1995,64
1979,2009,414
1982,1919,312
1982,1971,168
1982,2005,67
1985,1895,265
1985,2029,120
1985,2038,210
1987,1988,17
1988,1987,17
1989,1971,35
1989,1961,200
1989,1999,29
1994,1906,294
1994,2049,251
1994,2054,167
1995,1979,64
1995,1998,144
1995,2013,97
1998,1995,144
1999,1989,29
1999,2007,18
1999,2005,213
2001,1973,65
2001,2004,162
2001,2049,115
2004,2001,162
2005,1982,67
2005,1999,213
2005,2021,143
2007,1999,18
2007,1961,422
2007,2032,215
2009,1979,414
2009,2017,185
2009,2100,289
2013,1995,97
2013,2016,54
2013,2061,125
2016,2013,54
2017,2018,186
2017,2009,185
2017,2027,113
2018,2017,186
2021,1941,255
2021,2005,143
2021,2043,28
2027,2017,113
2027,2029,118
2027,2096,201
2029,1985,120
2029,2027,118
2029,2038,83
2032,2007,215
2035,2036,249
2035,2038,91
2035,2045,181
2036,2035,249
2038,1985,210
2038,2029,83
2038,2035,91
2043,2021,28
2043,2056,41
2043,2080,228
2045,2046,287
2045,2035,181
2045,2101,609
2046,2045,287
2049,2001,115
2049,1994,251
2049,2072,89
2054,1994,167
2054,2056,15
2054,2142,387
2056,2054,15
2056,2043,41
2056,2080,198
2056,2145,398
2059,2060,115
2060,2059,115
2061,2013,125
2061,2077,105
2061,2162,599
2063,1934,314
2063,2106,616
2063,2194,537
2065,2066,357
2065,2068,310
2065,2133,368
2066,2065,357
2068,2065,310
2069,1678,1093
2072,2049,89
2074,1922,405
2074,2101,556
2074,2116,379
2075,2076,77
2075,2083,550
2075,2128,190
2076,2075,77
2077,2061,105
2077,2104,115
2077,2119,202
2080,2056,198
2080,2043,228
2080,2106,163
2083,2075,550
2083,2092,19
2085,2086,11
2085,2088,25
2085,2091,20
2086,2085,11
2088,2085,25
2089,2090,157
2090,2089,157
2091,2092,12
2091,2085,20
2091,2097,8
2092,2091,12
2092,2083,19
2096,2027,201
2096,2110,65
2096,2114,143
2097,2091,8
2100,2009,289
2101,2045,609
2101,2074,556
2101,2285,778
2104,2077,115
2104,2122,167
2104,2124,81
2106,2080,163
2106,2063,616
2106,2145,193
2106,2166,362
2110,2096,65
2110,2130,182
2110,2204,382
2114,2096,143
2116,1938,495
2116,2074,379
2116,2343,1243
2119,2077,202
2119,2139,161
2119,2154,231
2122,2104,167
2124,2104,81
2125,2126,143
2125,2135,66
2125,2135,250
2126,2125,143
2128,2075,190
2128,1925,1749
2128,7130,6495
2130,2110,182
2133,2065,368
2135,2125,66
2135,2125,250
2135,2170,141
2139,2119,161
2139,2149,89
2139,2154,172
2142,2054,387
2142,2158,66
2142,2173,250
2144,1957,580
2145,2056,398
2145,2106,193
2145,2159,62
2149,2139,89
2149,2152,121
2149,2179,264
2152,2149,121
2154,2119,231
2154,2139,172
2154,2186,304
2158,2142,66
2158,2199,269
2158,2334,717
2159,2145,62
2159,2166,302
2159,2245,431
2162,2061,599
2163,2164,862
2164,2163,862
2164,2209,603
2164,2220,208
2166,2159,302
2166,2106,362
2166,2170,64
2166,2222,201
2170,2166,64
2170,2135,141
2170,2194,286
2173,2142,250
2173,2177,36
2173,2181,180
2175,2176,652
2176,2175,652
2177,2173,36
2177,2192,81
2177,2199,42
2179,2149,264
2179,2187,32
2179,2208,382
2181,2182,189
2181,2173,180
2181,2187,8
2182,2181,189
2186,2154,304
2187,2179,32
2187,2181,8
2187,2197,37
2192,2177,81
2194,2170,286
2194,2063,537
2194,2212,149
2197,2187,37
2197,2213,84
2197,2224,157
2199,2177,42
2199,2158,269
2199,2213,128
2204,2110,382
2204,2206,183
2204,2226,104
2206,2204,183
2208,2179,382
2209,2210,291
2209,2164,603
2209,2557,972
2210,2209,291
2212,2194,149
2212,2290,566
2212,3260,3762
2213,2197,84
2213,2199,128
2213,2229,139
2220,2164,208
2220,2371,596
2222,2166,201
2222,2245,244
2222,2254,168
2224,2197,157
2226,2204,104
2226,2228,362
2226,2262,209
2228,2226,362
2229,2213,139
2229,2232,124
2229,2237,34
2232,2229,124
2233,2234,138
2233,2236,204
2233,2259,119
2234,2233,138
2236,2233,204
2237,2229,34
2237,2240,101
2237,2249,31
2240,2237,101
2241,2242,176
2241,2244,65
2241,2254,69
2242,2241,176
2244,2241,65
2245,2159,431
2245,2222,244
2245,2293,135
2249,2237,31
2249,2252,305
2249,2265,81
2252,2249,305
2254,2222,168
2254,2241,69
2254,2258,46
2258,2254,46
2258,2290,73
2258,2293,254
2259,2233,119
2259,2269,50
2259,2275,80
2262,2226,209
2262,2264,138
2262,2340,217
2264,2262,138
2265,2249,81
2265,2271,20
2265,2282,62
2267,2268,2253
2268,2267,2253
2269,2259,50
2269,2283,178
2269,2316,152
2271,2265,20
2271,2274,205
2271,2313,122
2274,2271,205
2275,2276,124
2275,2259,80
2275,2300,178
2276,2275,124
2280,1904,1458
2280,2337,384
2280,2408,398
2282,2265,62
2282,2283,389
2282,2324,133
2283,2269,178
2283,2282,389
2283,2350,220
2285,2286,337
2285,2101,778
2285,2549,1074
2286,2285,337
2290,2258,73
2290,2212,566
2290,2327,274
2290,2404,344
2293,2245,135
2293,2258,254
2293,2327,116
2300,2275,178
2300,2301,18
2300,2336,194
2301,2302,125
2301,2300,18
2301,2305,58
2302,2301,125
2305,2306,279
2305,2301,58
2305,2322,249
2306,2305,279
2309,2310,309
2309,2312,912
2309,2345,138
2310,2309,309
2312,2309,912
2313,2271,122
2313,2317,24
2313,2324,80
2316,2269,152
2316,2332,107
2316,2354,83
2317,2313,24
2317,2320,119
2317,2355,128
2320,2317,119
2322,2305,249
2324,2282,133
2324,2313,80
2324,2350,259
2327,2293,116
2327,2290,274
2327,2429,295
2332,2316,107
2334,2158,717
2334,2359,181
2334,2402,177
2336,2300,194
2336,2366,174
2336,2382,138
2337,2280,384
2337,2369,59
2337,2377,497
2340,2262,217
2340,2342,90
2340,2456,328
2342,2340,90
2343,2116,1243
2343,2371,261
2343,2774,1046
2345,2309,138
2345,1949,1721
2345,2358,14
2350,2283,220
2350,2324,259
2350,2390,123
2354,2316,83
2355,2317,128
2355,2359,27
2355,2595,515
2358,2345,14
2358,2394,131
2358,2512,1411
2359,2355,27
2359,2334,181
2359,2396,128
2361,2362,150
2362,2361,150
2362,2364,54
2364,2362,54
2364,2369,165
2366,2336,174
2369,2337,59
2369,2364,165
2369,2568,445
2371,2220,596
2371,2343,261
2371,3295,1687
2377,2378,67
2377,2337,497
2377,2437,257
2378,2377,67
2382,2336,138
2382,2384,112
2382,2385,114
2384,2382,112
2384,2392,95
2384,2398,32
2385,2386,93
2385,2382,114
2385,2400,108
2386,2385,93
2390,2350,123
2392,2384,95
2392,2420,125
2392,2425,149
2394,2358,131
2394,2489,44
2396,2359,128
2398,2384,32
2400,2385,108
2402,2334,177
2402,2410,154
2402,2594,371
2404,2290,344
2404,2406,323
2404,2429,272
2404,2482,180
2406,2404,323
2408,2280,398
2408,2460,132
2408,2460,132
2410,2402,154
2411,2412,114
2411,2415,26
2411,2504,423
2412,2411,114
2413,2414,81
2414,2413,81
2414,2472,580
2414,2534,347
2415,2411,26
2415,2439,166
2415,2449,67
2417,2418,105
2417,2420,54
2417,2434,80
2418,2417,105
2420,2392,125
2420,2417,54
2420,2446,42
2423,2424,50
2423,2425,20
2423,2468,89
2424,2423,50
2425,2426,67
2425,2423,20
2425,2392,149
2426,2425,67
2429,2327,295
2429,2404,272
2429,2545,225
2434,2417,80
2437,2377,257
2437,2464,100
2437,2507,257
2439,2415,166
2439,2456,249
2439,2667,351
2441,2442,149
2441,2444,207
2441,2495,106
2442,2441,149
2444,2441,207
2446,2420,42
2446,2448,31
2446,2494,98
2448,2446,31
2448,2454,56
2448,2492,120
2449,2415,67
2449,2452,90
2449,2475,54
2452,2449,90
2454,2448,56
2456,2340,328
2456,2439,249
2456,2549,275
2460,2408,132
2460,2408,132
2460,2512,107
2464,2437,100
2464,2604,264
2465,2466,119
2465,2470,28
2465,2505,99
2466,2465,119
2468,2423,89
2470,2465,28
2472,2414,580
2472,2510,489
2472,2638,263
2473,2474,189
2474,2473,189
2475,2449,54
2475,2499,40
2475,2526,186
2477,2478,59
2477,2480,107
2477,2499,94
2478,2477,59
2480,2477,107
2482,2404,180
2482,2484,234
2482,2545,288
2482,2562,132
2484,2482,234
2485,2486,71
2486,2485,71
2486,2487,52
2486,2974,1235
2487,2486,52
2487,2489,246
2487,2879,562
2489,2487,246
2489,2394,44
2492,2448,120
2494,2446,98
2495,2441,106
2495,2517,180
2495,2599,152
2497,2498,62
2497,2528,114
2497,2528,70
2498,2497,62
2499,2475,40
2499,2477,94
2499,2519,25
2504,2411,423
2504,2544,195
2504,2602,145
2505,2465,99
2505,2516,200
2505,2589,133
2507,2437,257
2510,2472,489
2512,2358,1411
2512,2460,107
2512,2532,43
2512,2540,386
2516,2505,200
2517,2495,180
2517,2571,88
2517,2854,715
2519,2499,25
2519,2551,69
2519,2582,197
2521,2522,48
2522,2521,48
2522,2523,73
2522,2576,84
2522,2802,591
2523,2522,73
2526,2475,186
2528,2497,114
2528,2497,70
2528,2583,111
2532,2512,43
2532,3057,677
2532,3067,690
2534,2414,347
2535,2536,77
2535,2538,63
2535,2562,106
2536,2535,77
2538,2535,63
2540,2512,386
2540,2542,340
2540,2568,218
2542,2540,340
2544,2504,195
2544,2556,80
2544,2574,25
2545,2429,225
2545,2482,288
2545,2661,133
2549,2285,1074
2549,2456,275
2549,2699,237
2551,2519,69
2551,2580,114
2551,2621,139
2555,2556,216
2556,2555,216
2556,2544,80
2556,2632,124
2557,2209,972
2557,2560,903
2557,2609,64
2560,2557,903
2562,2482,132
2562,2535,106
2562,2588,28
2568,2540,218
2568,2369,445
2568,2604,330
2571,2517,88
2574,2544,25
2575,2576,152
2576,2575,152
2576,2522,84
2576,2586,33
2576,2620,62
2580,2551,114
2582,2519,197
2583,2528,111
2583,2595,115
2583,2615,86
2586,2576,33
2588,2562,28
2588,2654,79
2588,2661,224
2589,2505,133
2589,2592,65
2589,2632,102
2592,2589,65
2594,2402,371
2594,2615,138
2594,2684,138
2595,2355,515
2595,2583,115
2595,2608,16
2599,2495,152
2599,2657,119
2599,2666,123
2602,2504,145
2602,2611,82
2602,2650,183
2604,2568,330
2604,2464,264
2604,2626,194
2608,2595,16
2608,2627,192
2608,2640,32
2609,2557,64
2609,2636,70
2609,2709,151
2611,2612,230
2611,2602,82
2611,2621,13
2612,2611,230
2615,2583,86
2615,2594,138
2615,2640,158
2620,2576,62
2621,2551,139
2621,2611,13
2621,2685,101
2626,2604,194
2626,3086,4155
2627,2628,130
2627,2608,192
2627,2646,139
2628,2627,130
2632,2556,124
2632,2589,102
2632,2650,85
2636,2609,70
2638,2472,263
2638,2690,86
2638,2694,237
2640,2608,32
2640,2615,158
2640,2688,84
2643,2644,81
2643,2648,49
2643,2741,218
2644,2643,81
2646,2627,139
2648,2643,49
2650,2602,183
2650,2632,85
2650,2816,597
2654,2588,79
2654,2656,154
2654,2679,215
2654,2720,129
2656,2654,154
2657,2599,119
2657,2660,131
2657,2745,180
2660,2657,131
2661,2545,133
2661,2588,224
2661,2679,45
2666,2599,123
2667,2668,264
2667,2439,351
2667,2675,78
2668,2667,264
2671,2672,197
2672,2671,197
2672,2674,61
2672,2702,72
2674,2672,61
2675,2667,78
2675,2715,125
2675,2715,166
2677,2678,103
2678,2677,103
2678,2706,123
2678,2936,390
2679,2661,45
2679,2654,215
2679,2723,102
2684,2594,138
2684,2744,119
2684,2789,367
2685,2621,101
2685,2727,98
2685,2715,271
2688,2640,84
2688,2692,160
2688,2698,13
2690,2638,86
2690,2696,18
2690,2751,159
2692,2688,160
2694,2638,237
2696,2690,18
2698,2688,13
2698,2764,154
2698,2775,177
2699,2549,237
2699,2712,34
2699,2741,419
2702,2672,72
2702,2704,489
2702,2733,91
2704,2702,489
2706,2678,123
2706,2707,31
2706,2738,78
2707,2706,31
2709,2609,151
2709,2718,68
2709,2891,389
2712,2699,34
2712,2714,81
2712,2762,103
2714,2712,81
2715,2675,125
2715,2675,166
2715,2685,271
2718,2709,68
2720,2654,129
2720,2723,191
2720,2844,180
2723,2679,102
2723,2720,191
2723,2927,246
2727,2685,98
2727,2779,99
2727,2832,226
2729,2730,136
2729,2745,92
2729,2749,32
2730,2729,136
2733,2702,91
2735,2736,234
2735,2760,37
2735,2893,265
2736,2735,234
2736,2878,346
2737,2738,85
2738,2737,85
2738,2706,78
2738,2806,115
2741,2643,218
2741,2699,419
2741,2781,123
2744,2684,119
2744,2882,172
2744,2883,243
2745,2657,180
2745,2729,92
2745,3343,648
2749,2729,32
2749,2770,225
2749,2902,194
2751,2752,43
2751,2690,159
2751,2765,38
2752,2751,43
2752,2757,30
2757,2752,30
2760,2735,37
2762,2712,103
2762,2818,154
2762,2869,227
2764,2698,154
2764,2770,59
2764,2775,191
2765,2751,38
2767,2768,83
2768,2767,83
2770,2764,59
2770,2749,225
2770,2976,204
2774,2343,1046
2775,2698,177
2775,2764,191
2775,2787,24
2777,2778,70
2777,2798,54
2777,2998,289
2778,2777,70
2779,2727,99
2779,2827,60
2779,2832,139
2781,2741,123
2781,2795,27
2781,2809,77
2785,2786,107
2786,2785,107
2787,2775,24
2787,2789,95
2787,2793,15
2789,2787,95
2789,2684,367
2789,3048,242
2793,2787,15
2793,2800,102
2793,3095,245
2795,2781,27
2795,2834,42
2795,2992,240
2798,2777,54
2798,2814,30
2798,2862,91
2800,2793,102
2801,2802,147
2802,2801,147
2802,2522,591
2802,2830,62
2802,2923,118
2805,2806,117
2806,2805,117
2806,2738,115
2806,2874,76
2806,2970,240
2809,2810,333
2809,2781,77
2809,2929,177
2810,2809,333
2814,2798,30
2816,2650,597
2818,2762,154
2818,2820,218
2818,2890,64
2820,2818,218
2821,2822,28
2821,2834,28
2821,2896,65
2822,2821,28
2823,2824,197
2823,2826,97
2823,2941,107
2824,2823,197
2826,2823,97
2827,2779,60
2827,2849,107
2827,2865,100
2830,2802,62
2832,2779,139
2832,2727,226
2832,2849,22
2834,2795,42
2834,2821,28
2834,2962,116
2837,2838,104
2837,2872,211
2837,3001,144
2838,2837,104
2841,2842,43
2842,2841,43
2844,2720,180
2844,2846,106
2844,3034,143
2846,2844,106
2847,2848,86
2848,2847,86
2849,2832,22
2849,2827,107
2849,2914,52
2854,2517,715
2854,2906,97
2854,2934,77
2855,2856,149
2856,2855,149
2857,2858,221
2858,2857,221
2858,2860,116
2858,2923,126
2860,2858,116
2862,2798,91
2862,2863,53
2862,2970,116
2863,2862,53
2865,2827,100
2865,2914,165
2865,2949,78
2867,2868,205
2868,2867,205
2869,2762,227
2869,2887,37
2869,2920,166
2872,2837,211
2874,2806,76
2875,2876,89
2876,2875,89
2878,2736,346
2878,2904,147
2878,3104,172
2879,2487,562
2879,2931,47
2879,2965,164
2882,2744,172
2882,2883,88
2882,2948,60
2883,2744,243
2883,2882,88
2883,2982,108
2887,2869,37
2887,2898,95
2887,2957,67
2890,2818,64
2890,2900,72
2890,2908,25
2891,2709,389
2893,2735,265
2893,3202,288
2893,3265,484
2896,2821,65
2898,2887,95
2900,2890,72
2900,2920,51
2900,2985,162
2902,2749,194
2904,2878,147
2906,2854,97
2908,2890,25
2908,2939,232
2908,3194,256
2909,2910,411
2910,2909,411
2910,2912,65
2910,3044,99
2912,2910,65
2914,2849,52
2914,2865,165
2914,2939,318
2917,2918,85
2918,2917,85
2920,2869,166
2920,2900,51
2920,2946,77
2923,2858,126
2923,2802,118
2923,2951,33
2927,2723,246
2927,3141,159
2927,3141,568
2929,2809,177
2929,2955,28
2929,3461,1516
2931,2879,47
2931,2943,7
2931,2965,152
2934,2854,77
2934,3062,169
2934,3118,140
2935,2936,54
2936,2935,54
2936,2678,390
2936,3121,149
2936,3154,312
2939,2908,232
2939,2914,318
2939,3246,319
2941,2823,107
2941,2951,355
2941,2965,689
2943,2931,7
2943,2964,1196
2943,3677,718
2946,2920,77
2946,2957,62
2946,2985,30
2948,2882,60
2948,3048,185
2948,3212,229
2949,2865,78
2949,2980,77
2949,3025,47
2951,2941,355
2951,2923,33
2951,2964,8
2951,3057,133
2955,2929,28
2955,2992,71
2955,3199,318
2957,2887,67
2957,2946,62
2957,3019,114
2962,2834,116
2962,2977,112
2962,3006,74
2964,2951,8
2964,2943,1196
2964,3072,134
2964,3267,314
2965,2931,152
2965,2879,164
2965,2941,689
2970,2806,240
2970,2862,116
2970,2998,32
2970,3089,117
2974,2486,1235
2974,3038,49
2974,3076,131
2976,2770,204
2977,2978,69
2977,2983,6
2977,2962,112
2978,2977,69
2980,2949,77
2982,2883,108
2983,2977,6
2983,3009,141
2983,3106,214
2985,2946,30
2985,2900,162
2985,2996,36
2989,2990,75
2989,3006,108
2989,3064,62
2990,2989,75
2992,2955,71
2992,2795,240
2992,3028,26
2996,2985,36
2998,2970,32
2998,2777,289
2998,3024,27
2998,3174,199
3001,2837,144
3001,3009,48
3001,3019,40
3006,2962,74
3006,2989,108
3006,3094,90
3009,2983,141
3009,3001,48
3009,3016,19
3016,3009,19
3016,3042,57
3016,3129,85
3017,3018,110
3018,3017,110
3019,3001,40
3019,2957,114
3019,3129,144
3024,2998,27
3025,2949,47
3025,3081,33
3025,3274,406
3028,2992,26
3028,3030,64
3028,3064,26
3030,3028,64
3031,3032,330
3031,3052,523
3031,3461,582
3032,3031,330
3034,2844,143
3034,3036,79
3034,3214,189
3036,3034,79
3038,2974,49
3038,3099,140
3038,3179,223
3042,3016,57
3044,2910,99
3044,3046,100
3044,3118,140
3046,3044,100
3048,2789,242
3048,2948,185
3048,3108,68
3052,3031,523
3055,3056,103
3056,3055,103
3057,2951,133
3057,2532,677
3057,3067,12
3057,3072,9
3062,2934,169
3064,3028,26
3064,2989,62
3064,3110,63
3067,3057,12
3067,2532,690
3067,3078,8
3067,3121,126
3072,2964,134
3072,3057,9
3072,3078,11
3072,3786,703
3076,2974,131
3076,3088,41
3076,3099,36
3078,3072,11
3078,3067,8
3078,3136,126
3078,5959,1426
3081,3025,33
3081,3083,29
3081,3133,161
3083,3081,29
3083,3133,58
3083,3161,474
3086,2626,4155
3088,3076,41
3088,3179,208
3088,3572,933
3089,3090,93
3089,2970,117
3089,3154,80
3090,3089,93
3094,3006,90
3095,2793,245
3095,3098,422
3095,3116,110
3098,3095,422
3099,3076,36
3099,3038,140
3099,3147,52
3104,2878,172
3104,3114,41
3104,3640,543
3106,2983,214
3108,3048,68
3108,3116,66
3108,3168,63
3110,3064,63
3110,3111,53
3110,3196,151
3110,3299,330
3111,3110,53
3114,3104,41
3116,3108,66
3116,3095,110
3116,3168,138
3118,2934,140
3118,3044,140
3118,3140,68
3118,3184,82
3121,3067,126
3121,2936,149
3121,3136,11
3121,3275,305
3127,3128,535
3127,3192,390
3127,3761,632
3128,3127,535
3129,3016,85
3129,3019,144
3129,3196,259
3133,3083,58
3133,3081,161
3133,3161,36
3136,3078,126
3136,3121,11
3136,3186,75
3136,3284,303
3140,3118,68
3140,3221,96
3140,3242,205
3141,2927,159
3141,2927,568
3141,3255,133
3145,3146,61
3145,3158,92
3145,3219,125
3146,3145,61
3147,3099,52
3147,3150,74
3147,3179,47
3150,3147,74
3154,2936,312
3154,3089,80
3154,3174,35
3158,3145,92
3159,3160,81
3159,3166,319
3159,3169,43
3160,3159,81
3161,3133,36
3161,3083,474
3161,3203,65
3166,3159,319
3168,3108,63
3168,3116,138
3168,3206,53
3169,3159,43
3169,3190,134
3169,3223,59
3171,3172,56
3172,3171,56
3172,3230,86
3172,3316,211
3174,3154,35
3174,2998,199
3174,3272,164
3174,3275,151
3179,3147,47
3179,3038,223
3179,3088,208
3184,3118,82
3184,3221,106
3184,3240,77
3185,3186,64
3186,3185,64
3186,3136,75
3186,3352,283
3190,3169,134
3191,3192,666
3192,3191,666
3192,3127,390
3192,3534,317
3194,2908,256
3194,3238,40
3194,3262,192
3196,3110,151
3196,3129,259
3196,3216,23
3199,2955,318
3199,3236,128
3199,3369,233
3202,2893,288
3203,3161,65
3203,3326,144
3203,3339,230
3206,3168,53
3206,3212,176
3206,3234,20
3212,2948,229
3212,3206,176
3212,3360,139
3214,3034,189
3214,3389,349
3214,3794,521
3216,3196,23
3216,3366,286
3216,3404,291
3219,3145,125
3219,3227,76
3219,3290,78
3221,3140,96
3221,3184,106
3221,3242,88
3223,3169,59
3223,3401,222
3223,3404,341
3227,3219,76
3227,3248,83
3227,3336,157
3230,3172,86
3230,3231,41
3231,3230,41
3234,3206,20
3234,3258,151
3234,3288,58
3236,3199,128
3238,3194,40
3238,3251,161
3238,3412,222
3240,3184,77
3240,3248,33
3240,3307,145
3242,3140,205
3242,3221,88
3242,3292,46
3246,2939,319
3246,3251,88
3246,3274,139
3248,3240,33
3248,3227,83
3248,3336,93
3251,3238,161
3251,3246,88
3251,3342,92
3255,3141,133
3255,3282,359
3255,3389,119
3258,3234,151
3260,2212,3762
3260,6120,1174
3260,7022,1651
3262,3194,192
3263,3264,120
3263,3299,43
3263,3309,97
3264,3263,120
3265,2893,484
3265,3305,49
3265,3316,52
3267,3268,379
3267,2964,314
3267,3293,49
3267,3396,127
3268,3267,379
3272,3174,164
3274,3025,406
3274,3246,139
3274,3339,159
3275,3121,305
3275,3174,151
3275,3284,8
3282,3255,359
3284,3136,303
3284,3275,8
3284,3352,82
3288,3234,58
3290,3219,78
3290,3361,183
3290,3458,170
3292,3242,46
3292,3311,120
3292,3382,79
3293,3267,49
3295,3296,478
3295,2371,1687
3295,3729,411
3296,3295,478
3299,3263,43
3299,3110,330
3299,3366,62
3303,3304,85
3303,3322,52
3303,3385,73
3304,3303,85
3305,3265,49
3305,3349,54
3305,3410,125
3307,3240,145
3307,3371,80
3307,3371,81
3309,3263,97
3311,3292,120
3311,3313,39
3311,3415,98
3313,3311,39
3313,3326,44
3313,3419,102
3316,3265,52
3316,3172,211
3316,3324,7
3319,3320,131
3319,3329,25
3319,3433,116
3320,3319,131
3322,3303,52
3324,3316,7
3326,3203,144
3326,3313,44
3326,3356,30
3329,3330,205
3329,3319,25
3329,3343,91
3330,3329,205
3333,3334,281
3334,3333,281
3334,3436,149
3334,3880,511
3336,3248,93
3336,3227,157
3336,3378,77
3336,3440,118
3339,3203,230
3339,3274,159
3339,3499,187
3342,3251,92
3342,3392,46
3342,3471,210
3343,2745,648
3343,3329,91
3343,3361,58
3349,3305,54
3349,3480,152
3349,3657,418
3352,3186,283
3352,3284,82
3352,3813,538
3356,3326,30
3356,3425,98
3356,3499,220
3357,3358,968
3358,3357,968
3358,3526,275
3358,3537,321
3360,3212,139
3360,3578,200
3360,3586,532
3361,3290,183
3361,3343,58
3361,3450,85
3366,3299,62
3366,3216,286
3366,3548,231
3369,3199,233
3369,3385,108
3369,3491,114
3371,3307,80
3371,3307,81
3371,3379,5
3375,3376,241
3376,3375,241
3378,3336,77
3379,3371,5
3379,3382,43
3379,3555,218
3382,3292,79
3382,3379,43
3382,3400,71
3385,3303,73
3385,3369,108
3385,3601,307
3389,3255,119
3389,3214,349
3389,3549,143
3392,3342,46
3392,3471,150
3392,3635,289
3396,3267,127
3397,3398,201
3397,3401,70
3397,3412,97
3398,3397,201
3400,3382,71
3400,3415,54
3400,3443,36
3401,3223,222
3401,3397,70
3401,3505,86
3404,3216,291
3404,3223,341
3404,3430,32
3410,3305,125
3412,3238,222
3412,3397,97
3412,3452,51
3415,3311,98
3415,3400,54
3415,3419,15
3419,3313,102
3419,3415,15
3419,3425,18
3423,3424,172
3423,3442,66
3423,3493,65
3424,3423,172
3425,3356,98
3425,3419,18
3425,3686,294
3430,3404,32
3430,3482,72
3430,3486,138
3431,3432,93
3432,3431,93
3433,3319,116
3433,3455,121
3433,3567,117
3435,3436,146
3436,3435,146
3436,3334,149
3436,3994,594
3440,3336,118
3440,3467,48
3440,3476,42
3442,3423,66
3442,3470,56
3442,3493,133
3443,3400,36
3443,3446,55
3443,3555,103
3446,3443,55
3447,3448,124
3447,3549,265
3447,3707,431
3448,3447,124
3450,3361,85
3450,3458,131
3450,3455,86
3452,3412,51
3452,3488,72
3452,3564,209
3453,3454,279
3454,3453,279
3455,3433,121
3455,3450,86
3455,3544,78
3458,3290,170
3458,3450,131
3458,3476,40
3461,3031,582
3461,2929,1516
3461,3513,47
3467,3440,48
3467,3584,231
3467,3618,303
3470,3442,56
3470,3532,137
3470,3590,150
3471,3342,210
3471,3392,150
3471,3488,45
3476,3440,42
3476,3458,40
3476,3576,101
3480,3349,152
3482,3430,72
3482,3516,121
3482,3562,128
3483,3653,204
3486,3430,138
3486,3493,20
3486,3818,290
3488,3452,72
3488,3471,45
3488,3644,170
3491,3369,114
3491,3503,12
3491,3512,132
3493,3423,65
3493,3486,20
3493,3442,133
3497,3498,530
3498,3497,530
3499,3339,187
3499,3356,220
3499,3521,23
3503,3491,12
3503,3507,83
3503,3573,73
3505,3401,86
3505,3516,98
3505,3564,77
3507,3508,72
3507,3510,99
3507,3503,83
3508,3507,72
3510,3507,99
3512,3491,132
3513,3461,47
3513,3528,173
3513,3579,66
3516,3482,121
3516,3505,98
3516,3614,112
3521,3499,23
3521,3542,285
3521,3649,143
3526,3358,275
3526,3537,50
3526,3660,184
3528,3513,173
3529,3530,372
3530,3529,372
3532,3470,137
3534,3192,317
3534,3536,1165
3534,3554,15
3536,3534,1165
3537,3358,321
3537,3526,50
3537,3598,109
3542,3521,285
3544,3455,78
3545,3546,461
3546,3545,461
3548,3366,231
3549,3389,143
3549,3447,265
3549,3707,154
3554,3534,15
3554,3560,222
3554,3693,144
3555,3443,103
3555,3379,218
3555,3591,55
3560,3554,222
3562,3482,128
3564,3505,77
3564,3452,209
3564,3595,46
3567,3433,117
3567,3588,146
3567,3663,112
3569,3570,53
3570,3569,53
3572,3088,933
3572,3680,173
3573,3503,73
3573,3724,166
3573,3835,408
3576,3476,101
3576,3584,12
3576,3738,248
3578,3360,200
3578,3581,113
3578,4060,309
3579,3513,66
3579,3625,80
3579,4005,333
3581,3578,113
3581,3624,149
3581,3752,162
3584,3576,12
3584,3467,231
3584,3622,41
3586,3360,532
3588,3567,146
3590,3470,150
3590,3607,59
3590,3720,148
3591,3555,55
3591,3612,67
3591,3629,34
3595,3564,46
3595,3604,57
3595,3673,138
3597,3598,253
3598,3597,253
3598,3537,109
3598,3712,150
3601,3385,307
3601,3625,285
3601,3725,141
3604,3595,57
3605,3606,170
3605,3757,146
3606,3605,170
3606,3642,234
3606,3698,84
3607,3608,100
3607,3590,59
3607,3648,46
3608,3607,100
3612,3591,67
3614,3516,112
3614,3615,34
3614,3652,87
3614,3792,133
3615,3614,34
3618,3467,303
3618,3629,75
3618,3771,136
3619,3620,30
3620,3619,30
3620,3839,195
3622,3584,41
3622,3728,98
3622,3771,304
3624,3581,149
3624,3638,53
3624,3690,59
3625,3579,80
3625,3601,285
3625,3825,158
3629,3591,34
3629,3618,75
3629,3686,141
3633,3634,50
3633,3644,109
3633,3760,188
3634,3633,50
3635,3392,289
3635,3715,196
3635,3765,100
3638,3624,53
3638,3653,66
3638,3690,116
3640,3104,543
3640,3742,81
3640,3768,279
3642,3606,234
3642,3677,153
3642,3696,227
3644,3488,170
3644,3633,109
3644,3673,125
3648,3607,46
3649,3521,143
3649,3715,210
3649,4047,230
3652,3614,87
3653,3483,204
3653,3638,66
3653,3663,139
3657,3349,418
3657,3671,34
3657,3994,279
3660,3526,184
3660,3662,895
3660,3712,94
3662,3660,895
3663,3567,112
3663,3653,139
3663,3888,369
3665,3666,49
3665,3692,25
3665,3717,69
3666,3665,49
3666,3702,164
3666,3748,102
3667,3668,34
3668,3667,34
3668,3702,48
3671,3657,34
3671,3819,144
3671,4045,273
3673,3595,138
3673,3644,125
3673,3922,163
3677,2943,718
3677,3642,153
3677,3873,133
3679,3680,141
3680,3679,141
3680,3572,173
3680,3839,168
3680,3946,234
3686,3425,294
3686,3629,141
3686,3986,186
3690,3624,59
3690,3638,116
3690,3752,106
3692,3665,25
3693,3554,144
3693,3709,86
3693,3974,234
3696,3642,227
3696,3698,22
3696,3796,68
3698,3696,22
3698,3606,84
3698,3822,105
3702,3666,164
3702,3668,48
3702,3748,57
3707,3549,154
3707,3447,431
3707,4681,371
3709,3693,86
3709,3733,145
3709,3972,212
3712,3598,150
3712,3660,94
3712,4459,324
3715,3635,196
3715,3649,210
3715,3778,90
3717,3665,69
3720,3590,148
3724,3573,166
3725,3601,141
3725,3744,117
3725,4011,198
3728,3622,98
3728,3738,5
3728,3851,269
3729,3295,411
3729,3732,405
3729,3969,136
3732,3729,405
3733,3709,145
3733,3745,39
3733,3848,76
3735,3736,87
3736,3735,87
3738,3728,5
3738,3576,248
3738,3816,63
3742,3640,81
3742,3787,246
3742,3866,158
3742,3976,131
3744,3725,117
3745,3733,39
3745,3761,89
3745,3892,100
3748,3666,102
3748,3702,57
3748,3799,58
3752,3690,106
3752,3581,162
3752,4023,156
3757,3605,146
3760,3633,188
3760,3765,73
3760,4381,269
3761,3127,632
3761,3745,89
3761,3788,159
3765,3635,100
3765,3778,45
3765,3760,73
3767,3768,237
3768,3767,237
3768,3640,279
3768,3784,14
3771,3618,136
3771,3622,304
3771,3851,67
3775,3776,24
3776,3775,24
3776,3809,88
3776,3860,75
3778,3765,45
3778,3715,90
3778,4234,212
3784,3768,14
3784,3866,142
3784,3944,149
3786,3072,703
3786,6187,534
3787,3788,25
3787,3742,246
3787,4079,141
3788,3787,25
3788,3761,159
3788,4320,222
3792,3614,133
3792,3808,61
3792,3903,120
3794,3214,521
3794,3905,146
3794,3912,79
3796,3696,68
3796,3854,44
3796,3873,404
3797,3798,17
3797,3799,1
3798,3797,17
3799,3797,1
3799,3748,58
3799,3837,30
3799,3860,58
3803,3804,333
3803,3822,142
3804,3803,333
3805,3806,39
3806,3805,39
3808,3792,61
3808,3818,224
3808,3934,76
3809,3776,88
3809,3843,24
3809,3869,86
3813,3352,538
3816,3738,63
3816,3888,66
3816,4063,223
3818,3486,290
3818,3829,37
3818,3808,224
3819,3671,144
3819,3915,60
3819,3956,106
3822,3698,105
3822,3803,142
3822,3854,45
3825,3625,158
3825,3828,122
3825,3949,65
3828,3825,122
3829,3830,185
3829,3818,37
3829,3876,68
3830,3829,185
3833,3834,12
3834,3833,12
3835,3573,408
3835,3864,88
3835,3881,35
3837,3799,30
3837,3845,10
3839,3620,195
3839,3680,168
3839,4015,89
3843,3809,24
3843,3885,34
3843,3928,87
3845,3837,10
3845,3871,45
3845,3965,69
3848,3733,76
3851,3771,67
3851,3728,269
3851,4158,135
3854,3796,44
3854,3822,45
3854,4168,139
3860,3776,75
3860,3799,58
3860,3878,19
3864,3835,88
3866,3784,142
3866,3742,158
3866,3976,108
3869,3809,86
3869,3883,25
3869,3928,27
3871,3845,45
3871,3899,35
3871,3991,66
3873,3677,133
3873,3796,404
3873,5917,592
3876,3829,68
3876,3907,61
3876,4027,60
3878,3860,19
3878,3895,80
3878,3938,20
3880,3334,511
3880,4609,409
3880,6014,640
3881,3835,35
3881,3942,83
3881,4133,92
3883,3869,25
3883,3919,100
3883,3925,24
3885,3843,34
3885,3895,4
3885,3931,41
3888,3816,66
3888,3663,369
3888,4540,211
3892,3745,100
3892,3936,15
3892,4010,196
3895,3885,4
3895,3878,80
3895,4021,64
3899,3871,35
3899,3901,55
3899,4015,93
3901,3899,55
3903,3904,147
3903,3792,120
3903,3922,125
3904,3903,147
3905,3794,146
3905,3912,66
3905,4013,101
3907,3908,318
3907,3876,61
3907,4093,100
3908,3907,318
3912,3794,79
3912,3905,66
3912,4518,190
3915,3819,60
3915,4019,46
3915,4072,87
3919,3883,100
3919,3947,27
3919,3979,25
3922,3903,125
3922,3673,163
3922,4051,53
3925,3883,24
3925,3953,31
3925,4032,45
3928,3869,27
3928,3843,87
3928,3951,25
3931,3885,41
3934,3808,76
3934,4054,154
3934,4128,119
3936,3892,15
3938,3878,20
3938,3958,15
3938,3965,42
3939,3940,78
3940,3939,78
3942,3881,83
3944,3784,149
3946,3680,234
3946,4480,184
3946,4508,200
3947,3919,27
3947,4089,75
3947,4099,77
3949,3825,65
3949,3961,29
3949,4005,203
3951,3928,25
3953,3925,31
3953,3979,21
3953,4032,76
3956,3819,106
3956,4072,59
3956,4260,153
3957,3958,16
3958,3957,16
3958,3938,15
3958,4033,23
3961,3949,29
3961,3964,206
3961,4859,277
3964,3961,206
3965,3938,42
3965,3845,69
3965,3997,21
3965,4142,68
3969,3729,136
3969,3988,249
3969,4671,217
3972,3709,212
3974,3693,234
3974,4098,154
3974,5150,432
3976,3866,108
3976,3742,131
3976,4042,43
3979,3919,25
3979,3953,21
3979,4043,24
3983,3984,182
3984,3983,182
3986,3686,186
3986,3989,34
3986,4056,127
3988,3969,249
3989,3986,34
3989,4001,47
3989,4335,115
3991,3871,66
3994,3657,279
3994,3436,594
3994,4226,108
3997,3965,21
3999,4000,138
4000,3999,138
4001,3989,47
4001,4003,39
4001,4129,75
4003,4001,39
4003,4047,113
4003,4129,41
4005,3579,333
4005,3949,203
4005,4935,575
4010,3892,196
4011,3725,198
4011,4038,32
4011,4783,241
4013,3905,101
4013,4477,733
4013,4531,172
4015,3899,93
4015,3839,89
4015,4091,24
4019,3915,46
4019,4393,192
4019,5139,334
4021,3895,64
4021,4033,9
4021,4066,37
4023,3752,156
4023,4086,219
4023,4323,102
4025,4026,89
4026,4025,89
4027,3876,60
4027,4030,183
4027,4121,34
4030,4027,183
4032,3925,45
4032,3953,76
4032,4104,27
4033,4021,9
4033,3958,23
4033,4114,29
4037,4038,49
4038,4037,49
4038,4011,32
4038,4058,173
4038,4545,162
4042,3976,43
4042,4110,56
4042,4609,221
4043,3979,24
4045,3671,273
4045,4306,128
4047,3649,230
4047,4003,113
4047,4153,79
4051,3922,53
4051,4120,123
4051,4197,60
4054,3934,154
4054,4121,147
4054,4170,45
4056,3986,127
4056,4158,115
4056,4258,99
4058,4038,173
4060,3578,309
4060,4138,115
4060,4704,191
4063,3816,223
4063,4075,5
4063,4178,164
4065,4066,48
4066,4065,48
4066,4021,37
4066,4115,34
4069,4070,119
4070,4069,119
4072,3915,87
4072,3956,59
4072,4432,153
4075,4063,5
4075,4078,64
4075,4173,37
4078,4075,64
4079,4080,94
4079,3787,141
4079,4276,68
4080,4079,94
4083,4084,156
4084,4083,156
4084,4148,54
4084,4294,85
4086,4023,219
4086,4467,410
4087,4088,132
4087,4133,72
4087,4615,159
4088,4087,132
4089,3947,75
4089,4099,2
4089,4125,29
4091,4015,24
4091,4222,56
4091,4228,108
4093,4094,109
4093,3907,100
4093,4112,14
4094,4093,109
4098,3974,154
4098,4261,61
4099,4089,2
4099,3947,77
4099,4181,37
4104,4032,27
4104,4115,131
4104,4186,37
4105,4106,150
4106,4105,150
4107,4108,104
4108,4107,104
4110,4042,56
4110,4156,60
4110,4456,117
4112,4093,14
4112,4283,304
4112,4283,243
4114,4033,29
4114,4142,38
4114,4402,92
4115,4104,131
4115,4066,34
4115,4165,48
4115,4243,68
4120,4051,123
4121,4027,34
4121,4054,147
4121,4247,47
4125,4089,29
4125,4194,56
4125,4203,38
4128,3934,119
4129,4003,41
4129,4001,75
4129,4251,46
4133,3881,92
4133,4087,72
4133,4581,127
4138,4060,115
4139,4140,169
4140,4139,169
4142,4114,38
4142,3965,68
4142,4298,119
4145,4146,25
4145,4239,43
4145,4328,73
4146,4145,25
4148,4084,54
4148,4279,48
4148,4400,117
4149,4150,441
4150,4149,441
4151,4152,105
4152,4151,105
4153,4047,79
4153,4207,54
4153,4966,234
4156,4110,60
4156,4268,78
4156,4668,168
4158,4056,115
4158,3851,135
4158,4178,10
4161,4162,185
4161,4171,2
4161,4188,23
4162,4161,185
4163,4194,30
4165,4115,48
4165,4210,37
4165,4243,28
4168,3854,139
4170,4054,45
4170,4247,148
4170,4310,42
4171,4161,2
4171,4494,91
4173,4075,37
4173,4176,58
4173,4874,275
4176,4173,58
4178,4158,10
4178,4063,164
4178,4586,125
4181,4099,37
4181,4183,73
4181,4203,25
4181,4253,26
4183,4181,73
4183,4191,47
4186,4104,37
4186,4210,10
4186,4215,51
4188,4161,23
4188,4189,44
4188,4218,43
4188,4542,100
4189,4188,44
4191,4183,47
4191,4214,20
4191,4265,26
4194,4163,30
4194,4125,56
4194,4294,63
4197,4051,60
4197,4313,75
4197,4333,68
4199,4200,28
4199,4222,66
4200,4199,28
4200,4290,64
4200,4298,31
4201,4202,202
4202,4201,202
4203,4125,38
4203,4181,25
4203,4423,60
4207,4153,54
4207,4234,22
4207,4669,131
4210,4186,10
4210,4165,37
4210,4242,10
4214,4191,20
4214,4253,31
4214,4269,19
4215,4186,51
4218,4188,43
4218,4219,35
4218,4272,42
4218,4602,106
4219,4218,35
4222,4199,66
4222,4091,56
4222,4237,3
4226,3994,108
4226,4421,74
4226,4494,129
4228,4091,108
4228,4230,163
4228,4302,43
4230,4228,163
4231,4232,27
4231,4325,265
4231,4597,335
4232,4231,27
4234,3778,212
4234,4207,22
4234,4317,85
4237,4222,3
4237,4290,18
4237,4500,156
4239,4145,43
4239,4397,54
4239,4452,73
4242,4210,10
4242,4281,53
4242,4350,31
4243,4165,28
4243,4115,68
4243,4339,27
4247,4121,47
4247,4170,148
4247,4435,46
4251,4129,46
4251,4405,33
4251,4405,126
4253,4181,26
4253,4214,31
4253,4329,19
4258,4056,99
4258,4335,93
4258,4486,55
4260,3956,153
4260,4306,15
4260,4432,58
4261,4098,61
4261,4264,50
4261,4285,36
4264,4261,50
4265,4191,26
4268,4156,78
4268,4276,10
4268,4750,142
4269,4214,19
4272,4218,42
4272,4273,32
4272,4344,40
4272,4642,105
4273,4272,32
4276,4268,10
4276,4079,68
4276,4320,24
4279,4148,48
4279,4428,44
4281,4242,53
4283,4112,304
4283,4112,243
4283,4623,223
4285,4286,76
4285,4261,36
4285,4379,44
4286,4285,76
4290,4200,64
4290,4237,18
4290,4370,19
4294,4084,85
4294,4194,63
4294,4374,33
4298,4142,119
4298,4200,31
4298,4364,35
4302,4228,43
4302,4304,157
4302,4312,7
4304,4302,157
4306,4260,15
4306,4045,128
4310,4170,42
4310,4435,150
4310,4634,114
4312,4302,7
4312,4388,33
4312,4500,49
4313,4314,30
4313,4197,75
4313,4555,61
4314,4313,30
4317,4234,85
4317,4381,83
4317,4805,144
4320,4276,24
4320,3788,222
4320,4352,21
4323,4023,102
4323,4549,59
4323,4595,199
4325,4231,265
4328,4145,73
4328,4452,41
4329,4253,19
4331,4332,220
4331,4341,11
4331,4348,99
4332,4331,220
4333,4197,68
4333,4348,30
4333,4555,144
4335,3989,115
4335,4258,93
4335,4396,9
4339,4243,27
4339,4402,48
4339,4443,41
4341,4331,11
4341,4463,80
4341,5293,284
4344,4272,40
4344,4345,31
4344,4412,40
4344,4690,100
4345,4344,31
4348,4331,99
4348,4333,30
4348,4893,217
4350,4242,31
4350,4837,209
4352,4320,21
4352,4354,24
4352,4892,262
4354,4352,24
4354,4356,205
4354,4358,8
4356,4354,205
4358,4354,8
4358,4360,50
4358,5043,184
4360,4358,50
4360,4440,51
4360,5024,178
4364,4298,35
4364,4370,30
4364,4448,25
4365,4366,22
4366,4365,22
4366,4367,8
4366,4536,54
4367,4366,8
4370,4364,30
4370,4290,19
4370,4448,25
4373,4374,50
4374,4373,50
4374,4294,33
4374,4428,29
4374,4822,169
4377,4378,84
4377,4379,9
4377,4392,31
4378,4377,84
4379,4285,44
4379,4377,9
4379,4992,168
4381,3760,269
4381,4317,83
4381,4463,82
4388,4312,33
4388,4390,173
4388,4446,34
4390,4388,173
4391,4392,39
4391,4419,118
4391,4676,87
4392,4391,39
4392,4377,31
4392,4666,83
4393,4019,192
4396,4335,9
4396,4416,76
4396,4473,89
4397,4239,54
4397,4578,73
4397,4919,203
4400,4148,117
4400,4483,64
4402,4339,48
4402,4114,92
4402,4470,19
4405,4251,33
4405,4251,126
4405,4473,18
4409,4410,139
4410,4409,139
4412,4344,40
4412,4413,31
4412,4742,101
4413,4412,31
4416,4396,76
4419,4391,118
4419,4441,39
4419,4599,52
4421,4226,74
4421,4505,29
4421,4734,163
4423,4203,60
4423,4425,87
4423,4488,41
4423,4607,82
4425,4423,87
4428,4279,44
4428,4374,29
4428,4536,52
4432,4072,153
4432,4260,58
4435,4247,46
4435,4310,150
4435,4511,103
4435,4717,82
4440,4360,51
4440,4441,48
4440,5006,155
4441,4419,39
4441,4440,48
4441,4619,51
4443,4339,41
4446,4388,34
4446,4480,15
4446,4708,89
4448,4364,25
4448,4370,25
4448,4752,100
4452,4239,73
4452,4328,41
4452,4578,56
4456,4110,117
4459,4460,10
4459,3712,324
4459,4715,122
4460,4459,10
4460,4809,549
4460,5307,240
4463,4381,82
4463,4341,80
4463,5179,236
4467,4086,410
4467,4562,110
4467,4757,97
4470,4402,19
4470,4490,7
4470,4605,87
4473,4405,18
4473,4396,89
4473,4728,119
4477,4013,733
4480,4446,15
4480,3946,184
4480,4520,30
4483,4400,64
4486,4258,55
4488,4423,41
4488,4513,26
4488,4695,67
4489,4490,43
4490,4489,43
4490,4470,7
4490,4558,23
4494,4226,129
4494,4171,91
4494,4509,7
4497,4498,64
4497,4503,115
4497,4686,59
4498,4497,64
4500,4237,156
4500,4312,49
4500,4613,40
4503,4497,115
4505,4421,29
4505,4748,127
4505,4819,133
4508,3946,200
4508,4522,13
4508,4526,5
4509,4494,7
4509,4542,25
4509,4734,71
4511,4435,103
4511,4571,79
4511,4775,80
4513,4514,20
4513,4488,26
4513,4529,6
4514,4513,20
4518,3912,190
4518,4531,118
4518,4566,15
4520,4480,30
4520,4522,4
4520,4552,6
4522,4520,4
4522,4508,13
4522,4526,10
4522,4552,6
4526,4522,10
4526,4508,5
4526,4568,17
4526,4650,69
4529,4513,6
4529,4574,25
4529,4574,24
4531,4518,118
4531,4013,172
4531,4809,237
4536,4366,54
4536,4428,52
4536,4628,47
4540,3888,211
4540,4562,9
4540,4663,66
4542,4509,25
4542,4188,100
4542,4594,44
4542,4830,87
4545,4546,87
4545,4038,162
4545,4869,96
4546,4545,87
4549,4323,59
4549,4661,177
4549,5693,322
4552,4520,6
4552,4522,6
4552,4568,10
4552,4588,15
4555,4313,61
4555,4333,144
4555,4802,121
4558,4490,23
4558,4583,62
4558,4711,53
4562,4540,9
4562,4467,110
4562,4895,127
4566,4518,15
4566,4681,282
4566,8450,804
4568,4552,10
4568,4526,17
4568,4588,8
4568,4651,62
4571,4511,79
4571,4842,76
4571,4854,202
4574,4529,25
4574,4529,24
4574,4637,20
4578,4397,73
4578,4452,56
4578,5175,233
4581,4133,127
4581,4615,92
4581,4783,131
4583,4558,62
4583,4591,43
4583,4693,39
4586,4178,125
4586,4874,97
4586,5975,440
4588,4552,15
4588,4568,8
4588,4746,51
4591,4583,43
4594,4542,44
4594,4602,10
4594,4856,76
4595,4323,199
4595,4645,36
4595,4946,104
4597,4231,335
4599,4419,52
4599,4619,41
4599,4997,106
4602,4594,10
4602,4218,106
4602,4636,32
4605,4470,87
4607,4423,82
4609,3880,409
4609,4042,221
4609,6443,833
4613,4500,40
4613,4708,61
4613,5791,356
4615,4581,92
4615,4087,159
4615,4623,20
4619,4441,51
4619,4599,41
4619,5008,102
4623,4615,20
4623,4283,223
4623,5178,190
4627,4628,31
4628,4627,31
4628,4536,47
4628,4698,28
4631,4632,114
4631,4632,69
4631,5069,170
4632,4631,114
4632,4631,69
4632,5004,99
4634,4310,114
4634,4738,97
4634,4768,42
4636,4602,32
4636,4642,10
4636,4878,70
4637,4574,20
4637,4720,55
4637,4763,37
4639,4640,238
4640,4639,238
4642,4636,10
4642,4272,105
4642,4690,35
4645,4646,116
4645,4595,36
4645,4772,51
4646,4645,116
4650,4526,69
4650,4651,4
4650,4680,45
4651,4650,4
4651,4568,62
4651,5440,219
4653,4654,478
4654,4653,478
4659,4660,135
4659,4674,70
4659,4779,32
4660,4659,135
4661,4549,177
4661,4704,39
4661,5535,242
4663,4540,66
4663,5172,136
4663,5281,232
4666,4392,83
4666,4676,36
4666,4988,83
4668,4156,168
4669,4207,131
4669,4805,131
4669,5028,180
4671,3969,217
4671,4702,263
4671,5475,256
4674,4659,70
4676,4391,87
4676,4666,36
4676,4980,80
4680,4650,45
4680,4724,46
4680,5278,156
4681,3707,371
4681,4566,282
4681,7859,687
4686,4497,59
4687,4688,100
4687,4698,89
4688,4687,100
4688,4756,29
4688,4791,51
4690,4642,35
4690,4344,100
4690,4742,43
4690,4926,67
4693,4583,39
4693,4711,11
4693,4797,42
4695,4488,67
4698,4687,89
4698,4628,28
4698,4731,11
4702,4671,263
4704,4661,39
4704,4060,191
4704,5416,216
4708,4613,61
4708,4446,89
4708,4816,55
4711,4693,11
4711,4558,53
4711,4726,3
4715,4459,122
4715,4779,91
4715,5265,143
4717,4435,82
4717,4739,42
4717,5241,136
4719,4720,25
4720,4719,25
4720,4637,55
4720,4915,53
4724,4680,46
4724,4826,87
4724,4898,49
4726,4711,3
4726,5018,83
4726,5124,199
4728,4473,119
4729,4730,91
4730,4729,91
4731,4698,11
4731,4865,74
4731,5050,150
4734,4421,163
4734,4509,71
4734,4799,19
4738,4634,97
4738,4768,61
4738,4886,42
4739,4717,42
4739,4775,58
4739,4862,33
4742,4690,43
4742,4412,101
4742,4794,35
4742,4982,66
4746,4588,51
4746,4816,21
4746,4834,66
4748,4505,127
4748,4846,49
4748,4938,66
4750,4268,142
4751,4752,87
4752,4751,87
4752,4448,100
4752,5124,108
4756,4688,29
4756,4850,30
4757,4467,97
4757,4760,74
4757,4883,57
4760,4757,74
4760,4772,157
4760,4977,95
4761,4762,25
4762,4761,25
4762,4763,18
4762,4787,15
4763,4637,37
4763,4762,18
4763,4836,24
4768,4634,42
4768,4738,61
4768,4932,40
4772,4760,157
4772,4645,51
4772,4944,47
4775,4511,80
4775,4739,58
4775,4842,81
4779,4715,91
4779,4659,32
4779,7035,1023
4783,4011,241
4783,4581,131
4783,4804,10
4787,4762,15
4789,4790,92
4790,4789,92
4790,4969,171
4790,5796,415
4791,4688,51
4794,4742,35
4794,4795,117
4794,4808,10
4795,4794,117
4797,4693,42
4799,4734,19
4799,4830,26
4799,4846,12
4802,4555,121
4804,4783,10
4804,4869,49
4804,5713,257
4805,4317,144
4805,4669,131
4805,5075,82
4808,4794,10
4809,4531,237
4809,4460,549
4809,5665,280
4816,4708,55
4816,4746,21
4816,5316,142
4819,4505,133
4819,4922,39
4819,5107,102
4822,4374,169
4822,4823,46
4822,4865,16
4823,4822,46
4826,4724,87
4826,4828,119
4826,5302,280
4828,4826,119
4830,4799,26
4830,4542,87
4830,4852,43
4830,5152,86
4834,4746,66
4836,4763,24
4836,4947,31
4837,4350,209
4837,5029,127
4837,5083,64
4839,4840,124
4839,4863,288
4839,5079,437
4840,4839,124
4842,4571,76
4842,4775,81
4842,4854,25
4842,4973,33
4846,4748,49
4846,4799,12
4846,5100,68
4850,4756,30
4850,5050,61
4850,5063,72
4852,4830,43
4852,4856,4
4852,5466,178
4854,4842,25
4854,4571,202
4854,5671,220
4856,4852,4
4856,4594,76
4856,4878,40
4859,3961,277
4859,4930,133
4859,4961,38
4862,4739,33
4862,4973,139
4862,5014,36
4863,4839,288
4865,4731,74
4865,4822,16
4865,4911,13
4869,4545,96
4869,4804,49
4869,4930,60
4874,4586,97
4874,4173,275
4874,5402,232
4878,4856,40
4878,4636,70
4878,4926,43
4883,4757,57
4883,4895,8
4883,4977,109
4886,4738,42
4886,4932,66
4886,5060,42
4887,4888,167
4887,4890,115
4887,4969,21
4888,4887,167
4890,4887,115
4892,4352,262
4893,4348,217
4893,4910,60
4893,5745,228
4895,4883,8
4895,4562,127
4895,5172,116
4898,4724,49
4898,5273,98
4899,4900,88
4900,4899,88
4903,4904,52
4904,4903,52
4904,4905,5
4904,4908,11
